Assessment,Questionnaire,Control Identifier,Control Question,Response,Comment,Evidence
"VSRM for: St. Luke's (SLUHN) / PeriGen (PeriWatch Surveillance - Unknown) 20221027","VSQ on prem for St. Luke's (SLUHN)-RA0001783-PeriGen -PeriWatch Surveillance","AC-1.1","Are there formally documented policies and procedures for access control? If yes, please attach.","Yes","There are access control policies for PeriGen corporate systems. However, in the context of the PeriWatch application, Access Controls are built-into the product and are to be used and configured by the customer. User guides and administrative guides are provided to the customer. ","HIPAA-WI-005 - Workforce Security and Information Access rev 01.00.pdf; HIPAA-WI-006 - Technical and Infrastructure Security rev 01.01.pdf"
"VSRM for: St. Luke's (SLUHN) / PeriGen (PeriWatch Surveillance - Unknown) 20221027","VSQ on prem for St. Luke's (SLUHN)-RA0001783-PeriGen -PeriWatch Surveillance","AC-3.1","Does the information system verify the rights of a user to access the information system? (Access Control Lists, Group/Role membership?) If yes, detail how the access is enforced in the comment. ","Yes","Access control is managed by security groups that match AD groups such that AD authenticated users are granted access based on the group they are associated to.",""
"VSRM for: St. Luke's (SLUHN) / PeriGen (PeriWatch Surveillance - Unknown) 20221027","VSQ on prem for St. Luke's (SLUHN)-RA0001783-PeriGen -PeriWatch Surveillance","AC-3.2","Does the information system support role-based account management and access controls (RBAC)? ","Yes","",""
"VSRM for: St. Luke's (SLUHN) / PeriGen (PeriWatch Surveillance - Unknown) 20221027","VSQ on prem for St. Luke's (SLUHN)-RA0001783-PeriGen -PeriWatch Surveillance","AC-3.3","If RBAC is supported, can a customer administrator create/customize unique roles and permissions.","Yes","",""
"VSRM for: St. Luke's (SLUHN) / PeriGen (PeriWatch Surveillance - Unknown) 20221027","VSQ on prem for St. Luke's (SLUHN)-RA0001783-PeriGen -PeriWatch Surveillance","AC-7.1","Is an account automatically locked out after a set amount of attempts? ","Yes","",""
"VSRM for: St. Luke's (SLUHN) / PeriGen (PeriWatch Surveillance - Unknown) 20221027","VSQ on prem for St. Luke's (SLUHN)-RA0001783-PeriGen -PeriWatch Surveillance","AC-8.1","Is there a system use notification displayed before granting access that provides privacy and security notices?","No","The system is deployed in customer controlled workstations managed and labeled by customer IT. No extra notification is displayed on the PeriWatch login dialog.",""
"VSRM for: St. Luke's (SLUHN) / PeriGen (PeriWatch Surveillance - Unknown) 20221027","VSQ on prem for St. Luke's (SLUHN)-RA0001783-PeriGen -PeriWatch Surveillance","AC-9.1","Does the system display the last user logon date and time to the user?","No","Technically possible, presently the system does not have this feature.",""
"VSRM for: St. Luke's (SLUHN) / PeriGen (PeriWatch Surveillance - Unknown) 20221027","VSQ on prem for St. Luke's (SLUHN)-RA0001783-PeriGen -PeriWatch Surveillance","AC-10.1","Does the system limit the number of concurrent sessions for the user?","Partial","Only one instance of the application is allowed per station and only one user can be logged-in per session. Howerver, the same user can be logged-in to more than one workstation at the same time.",""
"VSRM for: St. Luke's (SLUHN) / PeriGen (PeriWatch Surveillance - Unknown) 20221027","VSQ on prem for St. Luke's (SLUHN)-RA0001783-PeriGen -PeriWatch Surveillance","AC-11.1","Does the application/system have a session lock after a period of inactivity that requires a user to reauthenticate?","Yes","Configurable by the customer",""
"VSRM for: St. Luke's (SLUHN) / PeriGen (PeriWatch Surveillance - Unknown) 20221027","VSQ on prem for St. Luke's (SLUHN)-RA0001783-PeriGen -PeriWatch Surveillance","AC-12.1","Does the application/system terminate the session after predefined circumstances?","No","Application never terminates on its own as it is a 24x7 surveillance system. Session logoff after a configurable time is the only mechanism",""
"VSRM for: St. Luke's (SLUHN) / PeriGen (PeriWatch Surveillance - Unknown) 20221027","VSQ on prem for St. Luke's (SLUHN)-RA0001783-PeriGen -PeriWatch Surveillance","AC-14.1","Does the system prevent user actions that can be performed on the system without identification and authentication?","Yes","Governed by access control which are customer controlled (administrator user required)",""
"VSRM for: St. Luke's (SLUHN) / PeriGen (PeriWatch Surveillance - Unknown) 20221027","VSQ on prem for St. Luke's (SLUHN)-RA0001783-PeriGen -PeriWatch Surveillance","AT-1.1","Are there formally documented procedures for security awareness and training for this information system? If yes, please attach.","Yes","",""
"VSRM for: St. Luke's (SLUHN) / PeriGen (PeriWatch Surveillance - Unknown) 20221027","VSQ on prem for St. Luke's (SLUHN)-RA0001783-PeriGen -PeriWatch Surveillance","AT-2.1","Is basic security awareness training performed for all personnel as a part of the onboarding process? ","Yes","",""
"VSRM for: St. Luke's (SLUHN) / PeriGen (PeriWatch Surveillance - Unknown) 20221027","VSQ on prem for St. Luke's (SLUHN)-RA0001783-PeriGen -PeriWatch Surveillance","AT-2.2","Is it periodically performed for all users?","Yes","",""
"VSRM for: St. Luke's (SLUHN) / PeriGen (PeriWatch Surveillance - Unknown) 20221027","VSQ on prem for St. Luke's (SLUHN)-RA0001783-PeriGen -PeriWatch Surveillance","AT-3.1","Is there role-based security training for personnel with assigned security roles and responsibilities for this information system before access is granted and when required by information system changes?","No","",""
"VSRM for: St. Luke's (SLUHN) / PeriGen (PeriWatch Surveillance - Unknown) 20221027","VSQ on prem for St. Luke's (SLUHN)-RA0001783-PeriGen -PeriWatch Surveillance","AT-4.1","Do you document and monitor information system security training activities for individuals?","Yes","",""
"VSRM for: St. Luke's (SLUHN) / PeriGen (PeriWatch Surveillance - Unknown) 20221027","VSQ on prem for St. Luke's (SLUHN)-RA0001783-PeriGen -PeriWatch Surveillance","AU-2.1","Is the information system actively auditing events such as access to patient information, login/logoffs, account creation, etc.? If yes, please detail the events captured in the comment.","Yes","#NAME?",""
"VSRM for: St. Luke's (SLUHN) / PeriGen (PeriWatch Surveillance - Unknown) 20221027","VSQ on prem for St. Luke's (SLUHN)-RA0001783-PeriGen -PeriWatch Surveillance","AU-2.2","Are the audit logs captured sufficient for incident response and system and user performance/investigation?","Yes","Other performance related logs can be turned on by PeriGen support when needed for further investigation to avoid unnecessary load",""
"VSRM for: St. Luke's (SLUHN) / PeriGen (PeriWatch Surveillance - Unknown) 20221027","VSQ on prem for St. Luke's (SLUHN)-RA0001783-PeriGen -PeriWatch Surveillance","AU-3.1","Does the system create audit records that contain sufficient information to, at a minimum, establish what type of event occurred, when the event occurred, where the event occurred, the source of the event, the outcome (success or failure) of the event, and the identity of any user/subject associated with the event?","Yes","Yes as a combination of multiple logs as mentioned in the previous two answers",""
"VSRM for: St. Luke's (SLUHN) / PeriGen (PeriWatch Surveillance - Unknown) 20221027","VSQ on prem for St. Luke's (SLUHN)-RA0001783-PeriGen -PeriWatch Surveillance","AU-5.1","Does the information system generate an alert that notifies the team in the event of an audit processing failure?","Partial","Most logging actions are transactional and are save to the database. Any failure to complete the "write" will generate an error to the user. Other types of "write" failures will create event log type events that administrators can subscribe to. Otherwise there is no explicit notification of audit processing failure.",""
"VSRM for: St. Luke's (SLUHN) / PeriGen (PeriWatch Surveillance - Unknown) 20221027","VSQ on prem for St. Luke's (SLUHN)-RA0001783-PeriGen -PeriWatch Surveillance","AU-7.1","Does the information system provide the capability to generate customizable audit reports?","Yes","All audit information is strored in SQL such that custom reports built on MS Reporting Services can be used to customize content and views",""
"VSRM for: St. Luke's (SLUHN) / PeriGen (PeriWatch Surveillance - Unknown) 20221027","VSQ on prem for St. Luke's (SLUHN)-RA0001783-PeriGen -PeriWatch Surveillance","AU-7.2","Does the generation of an audit report alter the original content or time stamp of the audit record?","No","",""
"VSRM for: St. Luke's (SLUHN) / PeriGen (PeriWatch Surveillance - Unknown) 20221027","VSQ on prem for St. Luke's (SLUHN)-RA0001783-PeriGen -PeriWatch Surveillance","AU-8.1","Are the audit logs time stamped? (Date and Time)","Yes","",""
"VSRM for: St. Luke's (SLUHN) / PeriGen (PeriWatch Surveillance - Unknown) 20221027","VSQ on prem for St. Luke's (SLUHN)-RA0001783-PeriGen -PeriWatch Surveillance","AU-9.1","Does the system/application protect audit information from unauthorized access, modification, and deletion?","Yes","Via SQL db authentication and inherent SQL data integrity",""
"VSRM for: St. Luke's (SLUHN) / PeriGen (PeriWatch Surveillance - Unknown) 20221027","VSQ on prem for St. Luke's (SLUHN)-RA0001783-PeriGen -PeriWatch Surveillance","AU-12.1","Can the information system be configured to select which auditable events are captured in the audit log? ","No","",""
"VSRM for: St. Luke's (SLUHN) / PeriGen (PeriWatch Surveillance - Unknown) 20221027","VSQ on prem for St. Luke's (SLUHN)-RA0001783-PeriGen -PeriWatch Surveillance","CM-1.1","Are there documented procedures to outline who/when and how the system/application is configured? If yes, please attach","Yes","User and Admin guides",""
"VSRM for: St. Luke's (SLUHN) / PeriGen (PeriWatch Surveillance - Unknown) 20221027","VSQ on prem for St. Luke's (SLUHN)-RA0001783-PeriGen -PeriWatch Surveillance","CM-2.1","Do you have a current configuration baseline documented for the information system? (The baseline configuration is a documented, up-to-date specification to which the information system is built.)","Yes","Installation guides are internal documents that are meant for� PeriGen Tech Ops personnel","LAB01124_r12 PeriWatch Surveillance - System Requirements.pdf"
"VSRM for: St. Luke's (SLUHN) / PeriGen (PeriWatch Surveillance - Unknown) 20221027","VSQ on prem for St. Luke's (SLUHN)-RA0001783-PeriGen -PeriWatch Surveillance","CM-3.1","Are types of changes to the information system that are configuration-controlled defined?","No","Changes are under the control of the customer. There are no specific change controls of on-prem system following installation and customer acceptance.",""
"VSRM for: St. Luke's (SLUHN) / PeriGen (PeriWatch Surveillance - Unknown) 20221027","VSQ on prem for St. Luke's (SLUHN)-RA0001783-PeriGen -PeriWatch Surveillance","CM-3.2","Does the organization review proposed configuration-controlled changes to the information system, using defined security impact analyses?","Yes","Once the application is installe dand configured to customer needs and workflow, it is rarly changed. When it does, change control process is followed involving both PeriGen and customer representative(s) ",""
"VSRM for: St. Luke's (SLUHN) / PeriGen (PeriWatch Surveillance - Unknown) 20221027","VSQ on prem for St. Luke's (SLUHN)-RA0001783-PeriGen -PeriWatch Surveillance","CM-3.3","Are all configuration changes adequately documented?","Partial","Material changes are documented (ex: Adding a module or an interface), other minor changes are not (ex: adding picklist options or workstations)",""
"VSRM for: St. Luke's (SLUHN) / PeriGen (PeriWatch Surveillance - Unknown) 20221027","VSQ on prem for St. Luke's (SLUHN)-RA0001783-PeriGen -PeriWatch Surveillance","CM-3.4","Are all approved configuration controls implemented timely?","Yes","Per change control process involving both parties",""
"VSRM for: St. Luke's (SLUHN) / PeriGen (PeriWatch Surveillance - Unknown) 20221027","VSQ on prem for St. Luke's (SLUHN)-RA0001783-PeriGen -PeriWatch Surveillance","CM-3.5","Does the organization retain records of configuration controlled changes?","Partial","Material changes are documented (ex: Adding a module or an interface), other minor changes are not (ex: adding picklist options or workstations)",""
"VSRM for: St. Luke's (SLUHN) / PeriGen (PeriWatch Surveillance - Unknown) 20221027","VSQ on prem for St. Luke's (SLUHN)-RA0001783-PeriGen -PeriWatch Surveillance","CM-3.6","Are there auditing and monitoring activities implemented to assess the configuration-controlled changes?","No","",""
"VSRM for: St. Luke's (SLUHN) / PeriGen (PeriWatch Surveillance - Unknown) 20221027","VSQ on prem for St. Luke's (SLUHN)-RA0001783-PeriGen -PeriWatch Surveillance","CM-4.1","Do you analyze changes to the information system to determine potential security impacts prior to change implementation?","Yes","Security considerations are covered during development time. Configuration changes at the customer environment are jointly reviewed and any security concerns depend largely on tthe customer provided environment. Any such concerns are ttypically brought up from the customer side for joint discussion during change control review",""
"VSRM for: St. Luke's (SLUHN) / PeriGen (PeriWatch Surveillance - Unknown) 20221027","VSQ on prem for St. Luke's (SLUHN)-RA0001783-PeriGen -PeriWatch Surveillance","CM-6.1","Have all the configuration settings been documented that reflect the most restrictive mode consistent with operational requirements? ","No","Typically part of customer provided server infrastructure",""
"VSRM for: St. Luke's (SLUHN) / PeriGen (PeriWatch Surveillance - Unknown) 20221027","VSQ on prem for St. Luke's (SLUHN)-RA0001783-PeriGen -PeriWatch Surveillance","CM-6.2","Is there any automated or manual monitoring of configuration changes? (e.g., Tripwire, manual checklists)","No","",""
"VSRM for: St. Luke's (SLUHN) / PeriGen (PeriWatch Surveillance - Unknown) 20221027","VSQ on prem for St. Luke's (SLUHN)-RA0001783-PeriGen -PeriWatch Surveillance","CM-6.3","Do you document and approve deviations from the established configuration settings?","No","",""
"VSRM for: St. Luke's (SLUHN) / PeriGen (PeriWatch Surveillance - Unknown) 20221027","VSQ on prem for St. Luke's (SLUHN)-RA0001783-PeriGen -PeriWatch Surveillance","CM-7.1","Do you restrict or prohibit the use of any functions, ports, protocols and/or services that are not essential to the function of the information system? ","Yes","",""
"VSRM for: St. Luke's (SLUHN) / PeriGen (PeriWatch Surveillance - Unknown) 20221027","VSQ on prem for St. Luke's (SLUHN)-RA0001783-PeriGen -PeriWatch Surveillance","CM-8.1","Do you have an accurate and current documented inventory of the components within the information system?","Yes","Part of internal SDLC documentation","LAB01124_r12 PeriWatch Surveillance - System Requirements.pdf"
"VSRM for: St. Luke's (SLUHN) / PeriGen (PeriWatch Surveillance - Unknown) 20221027","VSQ on prem for St. Luke's (SLUHN)-RA0001783-PeriGen -PeriWatch Surveillance","CM-8.2","If yes, do you review and update the information system component inventory regularly?","Yes","With every release. see the comparison between the previous System Requirement document compared to the one attached to the previous question (2 different versions to show different OS requirement for example)","LAB01124_r9 PeriWatch Surveillance - System Requirements.pdf"
"VSRM for: St. Luke's (SLUHN) / PeriGen (PeriWatch Surveillance - Unknown) 20221027","VSQ on prem for St. Luke's (SLUHN)-RA0001783-PeriGen -PeriWatch Surveillance","CM-9.1","Does the organization develop, document, and implement a configuration management plan for the information system that addresses roles, responsibilities and configuration management processes and procedures?","Yes","See the attached system admin user guide, chapter 2","LAB00196_PeriWatch_Surveillance_SysAdmin_Manual_rev17.pdf"
"VSRM for: St. Luke's (SLUHN) / PeriGen (PeriWatch Surveillance - Unknown) 20221027","VSQ on prem for St. Luke's (SLUHN)-RA0001783-PeriGen -PeriWatch Surveillance","CM-9.2","Does the organization establish a process for identifying configuration items throughout the system development life cycle?","Yes","",""
"VSRM for: St. Luke's (SLUHN) / PeriGen (PeriWatch Surveillance - Unknown) 20221027","VSQ on prem for St. Luke's (SLUHN)-RA0001783-PeriGen -PeriWatch Surveillance","CM-9.3","Does the organization define configuration items for the information system?","Yes","",""
"VSRM for: St. Luke's (SLUHN) / PeriGen (PeriWatch Surveillance - Unknown) 20221027","VSQ on prem for St. Luke's (SLUHN)-RA0001783-PeriGen -PeriWatch Surveillance","CM-9.4","Does the organization protect the configuration management plan for unauthorized disclosures and modifications?","Yes","",""
"VSRM for: St. Luke's (SLUHN) / PeriGen (PeriWatch Surveillance - Unknown) 20221027","VSQ on prem for St. Luke's (SLUHN)-RA0001783-PeriGen -PeriWatch Surveillance","CM-11.1","Is user installation of software restricted and monitored?","N/A","Only customer approved PeriGen Technical Consultant is authorized to install the system at a customer site",""
"VSRM for: St. Luke's (SLUHN) / PeriGen (PeriWatch Surveillance - Unknown) 20221027","VSQ on prem for St. Luke's (SLUHN)-RA0001783-PeriGen -PeriWatch Surveillance","CM-12.1","Are patches applied to the information system in a timely manner? If so, how quickly are patches applied?","Yes","Very dependent on severity/criticality.�Typically patches are rolled into maintenance releases available 2/3 times a year on average",""
"VSRM for: St. Luke's (SLUHN) / PeriGen (PeriWatch Surveillance - Unknown) 20221027","VSQ on prem for St. Luke's (SLUHN)-RA0001783-PeriGen -PeriWatch Surveillance","CM-12.2","Are there standards or policies which define the timing of patching the information system?","No","",""
"VSRM for: St. Luke's (SLUHN) / PeriGen (PeriWatch Surveillance - Unknown) 20221027","VSQ on prem for St. Luke's (SLUHN)-RA0001783-PeriGen -PeriWatch Surveillance","CM-13.1","Do you use Development, Test, QA, and Production environments during the patch management process? If so, describe the manner in which these environment are utilized?","Yes","Patches are always deployed to a TEST environment for customer approval. Once accepted, the update is schedule on Production systems.�",""
"VSRM for: St. Luke's (SLUHN) / PeriGen (PeriWatch Surveillance - Unknown) 20221027","VSQ on prem for St. Luke's (SLUHN)-RA0001783-PeriGen -PeriWatch Surveillance","CM-14.1","Do you categorize patches based on severity? If yes, please provide the categories, their definitions, and the associated time frames for deploying patches to production environments.","Partial","There are typically�3 main issue categories leading to patches: 
1. Critical: This involves patient safety issues or issues causing complete system failures. Those issues are addressed ASAP (development, QA, deployment)

2.�Priority: Non-critical, occasional issues affecting stability or specific/non frequent user workflow, without effective work-arounds. Those issues could trigger a patch release prior to next planned maintenance release

3. Other: Issues not falling in categories above that can be prioritied to planned maintenance releases depending on triage (number of customer affected, type of work-around, effort etc.)",""
"VSRM for: St. Luke's (SLUHN) / PeriGen (PeriWatch Surveillance - Unknown) 20221027","VSQ on prem for St. Luke's (SLUHN)-RA0001783-PeriGen -PeriWatch Surveillance","CM-14.2","Do you implement patches categorized as "critical" within 72 hours of patch release?","yes","Pending customer acceptance",""
"VSRM for: St. Luke's (SLUHN) / PeriGen (PeriWatch Surveillance - Unknown) 20221027","VSQ on prem for St. Luke's (SLUHN)-RA0001783-PeriGen -PeriWatch Surveillance","IA-1.1","Does the application/system use managed LDAP services for identification and authentication? If no, detail in the comment column what is used.","Yes","",""
"VSRM for: St. Luke's (SLUHN) / PeriGen (PeriWatch Surveillance - Unknown) 20221027","VSQ on prem for St. Luke's (SLUHN)-RA0001783-PeriGen -PeriWatch Surveillance","IA-2.1","Does the information system use multifactor authentication for privileged or non-privileged access? (Uses at least two of: what you have, what you know, what you are. E.g., tokens, passwords, biometrics.)","No","",""
"VSRM for: St. Luke's (SLUHN) / PeriGen (PeriWatch Surveillance - Unknown) 20221027","VSQ on prem for St. Luke's (SLUHN)-RA0001783-PeriGen -PeriWatch Surveillance","IA-3.1","Does the information system uniquely identify and authenticate devices before establishing a connection? (E.g., MAC, TCP/IP, IEEE 802.1x)","No","",""
"VSRM for: St. Luke's (SLUHN) / PeriGen (PeriWatch Surveillance - Unknown) 20221027","VSQ on prem for St. Luke's (SLUHN)-RA0001783-PeriGen -PeriWatch Surveillance","IA-4.2","Does the application/system prevent reuse of user or device identifiers?","No","",""
"VSRM for: St. Luke's (SLUHN) / PeriGen (PeriWatch Surveillance - Unknown) 20221027","VSQ on prem for St. Luke's (SLUHN)-RA0001783-PeriGen -PeriWatch Surveillance","IA-4.3","Does the application/system disable the user or device account after a pre-defined period of inactivity?","Yes","As part of AD authentication and customer policy",""
"VSRM for: St. Luke's (SLUHN) / PeriGen (PeriWatch Surveillance - Unknown) 20221027","VSQ on prem for St. Luke's (SLUHN)-RA0001783-PeriGen -PeriWatch Surveillance","IA-5.1","Does the application/system comply with the password complexity as outlined in implemented policies? ","Yes","As part of AD authentication and customer policy. Virtually all customers use AD authentication these days. However, built-in control do support the above. See the product manual section 6-14 (Password settings).","LAB00196_PeriWatch_Surveillance_SysAdmin_Manual_rev17.pdf"
"VSRM for: St. Luke's (SLUHN) / PeriGen (PeriWatch Surveillance - Unknown) 20221027","VSQ on prem for St. Luke's (SLUHN)-RA0001783-PeriGen -PeriWatch Surveillance","IA-5.2","Does the End User comply with password requirements regarding complexity, length and change?
- Are Passwords at least 8 characters in length?
- Are Passwords created using the following?:
  - Mixed case alpha characters
  - at least one numeric digit
  - at least one non-alphanumeric character
- Current password may not be reused
- Do current passwords expire every 90 days?
- Are passwords stored in an encrypted format?","Yes","As part of AD authentication and customer policy. Virtually all customers use AD authentication these days. However, built-in control do support the above. See the product manual section 6-14 (Password settings).","LAB00196_PeriWatch_Surveillance_SysAdmin_Manual_rev17.pdf"
"VSRM for: St. Luke's (SLUHN) / PeriGen (PeriWatch Surveillance - Unknown) 20221027","VSQ on prem for St. Luke's (SLUHN)-RA0001783-PeriGen -PeriWatch Surveillance","IA-5.3","Are the passwords encrypted within the information system when stored or transmitted?","N/A","AD managed. No passwords are stored locally with AD authentication",""
"VSRM for: St. Luke's (SLUHN) / PeriGen (PeriWatch Surveillance - Unknown) 20221027","VSQ on prem for St. Luke's (SLUHN)-RA0001783-PeriGen -PeriWatch Surveillance","IA-5.7","Is authenticator content protected from unauthorized disclosure and modification?","Yes","AD managed. No passwords are stored locally with AD authentication",""
"VSRM for: St. Luke's (SLUHN) / PeriGen (PeriWatch Surveillance - Unknown) 20221027","VSQ on prem for St. Luke's (SLUHN)-RA0001783-PeriGen -PeriWatch Surveillance","IA-5.9","Is token-based authentication required?","No","",""
"VSRM for: St. Luke's (SLUHN) / PeriGen (PeriWatch Surveillance - Unknown) 20221027","VSQ on prem for St. Luke's (SLUHN)-RA0001783-PeriGen -PeriWatch Surveillance","IA-6.1","Does the information system obscure the authenticator/password during the authentication process?","Yes","",""
"VSRM for: St. Luke's (SLUHN) / PeriGen (PeriWatch Surveillance - Unknown) 20221027","VSQ on prem for St. Luke's (SLUHN)-RA0001783-PeriGen -PeriWatch Surveillance","IA-7.1","Does the information system use mechanisms for authentication to a cryptographic module? (This control is used for mostly operating systems and appliances used to encrypt something.)","No","",""
"VSRM for: St. Luke's (SLUHN) / PeriGen (PeriWatch Surveillance - Unknown) 20221027","VSQ on prem for St. Luke's (SLUHN)-RA0001783-PeriGen -PeriWatch Surveillance","IR-1.1","Are there formally documented policies and procedures for Incident Response? If yes, please attach.","Yes","",""
"VSRM for: St. Luke's (SLUHN) / PeriGen (PeriWatch Surveillance - Unknown) 20221027","VSQ on prem for St. Luke's (SLUHN)-RA0001783-PeriGen -PeriWatch Surveillance","IR-2.1","Are staff provided with incident response training?","Yes","",""
"VSRM for: St. Luke's (SLUHN) / PeriGen (PeriWatch Surveillance - Unknown) 20221027","VSQ on prem for St. Luke's (SLUHN)-RA0001783-PeriGen -PeriWatch Surveillance","IR-2.2","Is incident response training unique based on the role of the individual?","No","",""
"VSRM for: St. Luke's (SLUHN) / PeriGen (PeriWatch Surveillance - Unknown) 20221027","VSQ on prem for St. Luke's (SLUHN)-RA0001783-PeriGen -PeriWatch Surveillance","IR-3.1","Are incident response tests conducted?","No","",""
"VSRM for: St. Luke's (SLUHN) / PeriGen (PeriWatch Surveillance - Unknown) 20221027","VSQ on prem for St. Luke's (SLUHN)-RA0001783-PeriGen -PeriWatch Surveillance","IR-3.2","Are the incident response test results analyzed?","No","",""
"VSRM for: St. Luke's (SLUHN) / PeriGen (PeriWatch Surveillance - Unknown) 20221027","VSQ on prem for St. Luke's (SLUHN)-RA0001783-PeriGen -PeriWatch Surveillance","IR-4.1","Is there an incident handling process?","Yes","See chapter ","HIPAA-WI-006 - Technical and Infrastructure Security rev 01.01.pdf"
"VSRM for: St. Luke's (SLUHN) / PeriGen (PeriWatch Surveillance - Unknown) 20221027","VSQ on prem for St. Luke's (SLUHN)-RA0001783-PeriGen -PeriWatch Surveillance","IR-5.1","Are security incidents tracked and documented?","Yes","",""
"VSRM for: St. Luke's (SLUHN) / PeriGen (PeriWatch Surveillance - Unknown) 20221027","VSQ on prem for St. Luke's (SLUHN)-RA0001783-PeriGen -PeriWatch Surveillance","IR-6.1","Are security incidents timely reported to appropriate personnel/ government authorities?","Yes","",""
"VSRM for: St. Luke's (SLUHN) / PeriGen (PeriWatch Surveillance - Unknown) 20221027","VSQ on prem for St. Luke's (SLUHN)-RA0001783-PeriGen -PeriWatch Surveillance","IR-7.1","Are incident response resources used outside of the incident response team?","No","",""
"VSRM for: St. Luke's (SLUHN) / PeriGen (PeriWatch Surveillance - Unknown) 20221027","VSQ on prem for St. Luke's (SLUHN)-RA0001783-PeriGen -PeriWatch Surveillance","IR-8.1","Is there a comprehensive Incident Response Plan? If so, please attach.","Yes","See chapter 4","HIPAA-WI-006 - Technical and Infrastructure Security rev 01.01.pdf"
"VSRM for: St. Luke's (SLUHN) / PeriGen (PeriWatch Surveillance - Unknown) 20221027","VSQ on prem for St. Luke's (SLUHN)-RA0001783-PeriGen -PeriWatch Surveillance","IR-9.1","Does the organization respond to information spillage appropriately and timely?","Yes","Process regarding data leakage is covered in corporate policies if encountered",""
"VSRM for: St. Luke's (SLUHN) / PeriGen (PeriWatch Surveillance - Unknown) 20221027","VSQ on prem for St. Luke's (SLUHN)-RA0001783-PeriGen -PeriWatch Surveillance","MA-1.1","Are there formally documented policies and procedures for Maintenance? If yes, please attach.","Yes","Part of internal/propriatary�SDLC documentation",""
"VSRM for: St. Luke's (SLUHN) / PeriGen (PeriWatch Surveillance - Unknown) 20221027","VSQ on prem for St. Luke's (SLUHN)-RA0001783-PeriGen -PeriWatch Surveillance","MA-2.5","Do you check all potentially impacted security controls to verify that the controls are still functioning properly following maintenance or repair actions? (E.g., verify that audit logs are still functioning properly, user level of access is still appropriate.)","Partial","Upon update, Operations staff perfroms a validation of installation to ensure the update was perromed correctly. Logs are reviewed for errors and authentication is confirmed implicitly is order to perform this check. The user aspect of the validation is the responsibility of the customer.",""
"VSRM for: St. Luke's (SLUHN) / PeriGen (PeriWatch Surveillance - Unknown) 20221027","VSQ on prem for St. Luke's (SLUHN)-RA0001783-PeriGen -PeriWatch Surveillance","MA-3.1","Does the organization approve, control and monitor information system maintenance tools?","Yes","",""
"VSRM for: St. Luke's (SLUHN) / PeriGen (PeriWatch Surveillance - Unknown) 20221027","VSQ on prem for St. Luke's (SLUHN)-RA0001783-PeriGen -PeriWatch Surveillance","MA-4.1","Is any nonlocal maintenance and diagnostic activity performed on the information system (such as across the network, either internal or external, using terminal services/RDP)?","Yes","Typically performed to investigate recurring problems only or in support of existing support cases",""
"VSRM for: St. Luke's (SLUHN) / PeriGen (PeriWatch Surveillance - Unknown) 20221027","VSQ on prem for St. Luke's (SLUHN)-RA0001783-PeriGen -PeriWatch Surveillance","MA-4.2","Are all nonlocal maintenance and diagnostic activities approved and monitored?","Yes","Access to nolocal support is done via two methods: 1) SecureLink where the customer approved the implementation and has assigned the appropriate controls for PeriGen to access the server(s) where the application is installed. 2). An access method controlled by the customer.
For the SecureLink option, access to the SecureLink portal is done via the corporate AzureAD integration. Access to SecureLink is done using the corporate userID, password and MFA. Only users who require access to the site are assigned to the AzureAD dedicated group for remote access. The only control or diagnostic activity we can provide is a sample log of access via Azure AD (see attached)","SL-access-controllog.pdf"
"VSRM for: St. Luke's (SLUHN) / PeriGen (PeriWatch Surveillance - Unknown) 20221027","VSQ on prem for St. Luke's (SLUHN)-RA0001783-PeriGen -PeriWatch Surveillance","MA-4.3","Are strong authenticators/passwords used in the establishment of nonlocal maintenance and diagnostic sessions?","Yes","Access is perfromed via SecureLink where passowrd control and policies are enforced.",""
"VSRM for: St. Luke's (SLUHN) / PeriGen (PeriWatch Surveillance - Unknown) 20221027","VSQ on prem for St. Luke's (SLUHN)-RA0001783-PeriGen -PeriWatch Surveillance","MA-4.4","Do you maintain records for nonlocal maintenance and diagnostic activities?","Yes","We only maintain records of support incidences that were called in and where support connected to the site instance remotely.",""
"VSRM for: St. Luke's (SLUHN) / PeriGen (PeriWatch Surveillance - Unknown) 20221027","VSQ on prem for St. Luke's (SLUHN)-RA0001783-PeriGen -PeriWatch Surveillance","MA-4.5","Are the sessions and network connections terminated after the nonlocal maintenance has been completed?","Yes","",""
"VSRM for: St. Luke's (SLUHN) / PeriGen (PeriWatch Surveillance - Unknown) 20221027","VSQ on prem for St. Luke's (SLUHN)-RA0001783-PeriGen -PeriWatch Surveillance","MA-5.1","Do you authorize and maintain a list of authorized maintenance personnel?","Yes","Access to hospital is goverend by individual account / profile in SecureLink.",""
"VSRM for: St. Luke's (SLUHN) / PeriGen (PeriWatch Surveillance - Unknown) 20221027","VSQ on prem for St. Luke's (SLUHN)-RA0001783-PeriGen -PeriWatch Surveillance","MA-5.2","Do you ensure that personnel performing maintenance of the information system have the required access authorizations?","Yes","",""
"VSRM for: St. Luke's (SLUHN) / PeriGen (PeriWatch Surveillance - Unknown) 20221027","VSQ on prem for St. Luke's (SLUHN)-RA0001783-PeriGen -PeriWatch Surveillance","PS-1.1","Are there formally documented policies and procedures for Personnel Security? If yes, please attach.","Yes","",""
"VSRM for: St. Luke's (SLUHN) / PeriGen (PeriWatch Surveillance - Unknown) 20221027","VSQ on prem for St. Luke's (SLUHN)-RA0001783-PeriGen -PeriWatch Surveillance","PS-2.1","Does the organization assign risk designations to all positions?","No","",""
"VSRM for: St. Luke's (SLUHN) / PeriGen (PeriWatch Surveillance - Unknown) 20221027","VSQ on prem for St. Luke's (SLUHN)-RA0001783-PeriGen -PeriWatch Surveillance","PS-2.2","Does the organization establish screening criteria for individuals filling those positions?","Yes","All employees are screened during job interviews",""
"VSRM for: St. Luke's (SLUHN) / PeriGen (PeriWatch Surveillance - Unknown) 20221027","VSQ on prem for St. Luke's (SLUHN)-RA0001783-PeriGen -PeriWatch Surveillance","PS-2.3","Does the organization review and revise position risk designations at least every three years?","No","",""
"VSRM for: St. Luke's (SLUHN) / PeriGen (PeriWatch Surveillance - Unknown) 20221027","VSQ on prem for St. Luke's (SLUHN)-RA0001783-PeriGen -PeriWatch Surveillance","PS-3.1","Does the organization screen individuals prior to authorizing access to the information system?","Yes","See the attached templates used by PeriGen to screen new employees.","PeriGen Background Check Application Multi-state.pdf; PeriGen Drug Testing Policy - Final 5.1.2020.pdf"
"VSRM for: St. Luke's (SLUHN) / PeriGen (PeriWatch Surveillance - Unknown) 20221027","VSQ on prem for St. Luke's (SLUHN)-RA0001783-PeriGen -PeriWatch Surveillance","PS-3.2","Does the organization re-screen individuals with access to the information system?","No","",""
"VSRM for: St. Luke's (SLUHN) / PeriGen (PeriWatch Surveillance - Unknown) 20221027","VSQ on prem for St. Luke's (SLUHN)-RA0001783-PeriGen -PeriWatch Surveillance","PS-4.1","Does the organization have appropriate termination procedures in place to those with access to the information system?","Yes","",""
"VSRM for: St. Luke's (SLUHN) / PeriGen (PeriWatch Surveillance - Unknown) 20221027","VSQ on prem for St. Luke's (SLUHN)-RA0001783-PeriGen -PeriWatch Surveillance","PS-5.1","Does the organization have appropriate transfer procedures in place to those with access to the information system?","No","",""
"VSRM for: St. Luke's (SLUHN) / PeriGen (PeriWatch Surveillance - Unknown) 20221027","VSQ on prem for St. Luke's (SLUHN)-RA0001783-PeriGen -PeriWatch Surveillance","PS-6.1","Does the organization have access agreements (reviewed annually) for individuals with access to the information system?","Partial","Access control is granted per unique user account/role (example: technical support analyst). Each employee signs an employment agreement that explicitly covers controls of access to customer data. In addition, HIPAA, Security & Privacy guidelines are revised and signed-off annually by all employees. That said, there are no explicity "access agreements" for individual employees.",""
"VSRM for: St. Luke's (SLUHN) / PeriGen (PeriWatch Surveillance - Unknown) 20221027","VSQ on prem for St. Luke's (SLUHN)-RA0001783-PeriGen -PeriWatch Surveillance","PS-7.1","Does the organization have appropriate third-party access control procedures for external parties granted access to the information system?","Yes","",""
"VSRM for: St. Luke's (SLUHN) / PeriGen (PeriWatch Surveillance - Unknown) 20221027","VSQ on prem for St. Luke's (SLUHN)-RA0001783-PeriGen -PeriWatch Surveillance","PS-8.1","Does the organization have appropriate personnel sanctions policies and procedures?","Yes","",""
"VSRM for: St. Luke's (SLUHN) / PeriGen (PeriWatch Surveillance - Unknown) 20221027","VSQ on prem for St. Luke's (SLUHN)-RA0001783-PeriGen -PeriWatch Surveillance","SA-1.1","Are there formally documented policies and procedures for System and Services Acquisitions? If yes, please attach.","No","",""
"VSRM for: St. Luke's (SLUHN) / PeriGen (PeriWatch Surveillance - Unknown) 20221027","VSQ on prem for St. Luke's (SLUHN)-RA0001783-PeriGen -PeriWatch Surveillance","SA-3.1","Does the organization define a comprehensive life cycle for the information system?","Yes","",""
"VSRM for: St. Luke's (SLUHN) / PeriGen (PeriWatch Surveillance - Unknown) 20221027","VSQ on prem for St. Luke's (SLUHN)-RA0001783-PeriGen -PeriWatch Surveillance","SA-4.1","Does the organization include the requirements, descriptions, and criteria, explicitly or by reference, in the acquisition contract for the information system, system component, or information system service in accordance with applicable federal laws, Executive Orders, directives, policies, regulations, standards, guidelines, and organizational mission/business needs","Yes","",""
"VSRM for: St. Luke's (SLUHN) / PeriGen (PeriWatch Surveillance - Unknown) 20221027","VSQ on prem for St. Luke's (SLUHN)-RA0001783-PeriGen -PeriWatch Surveillance","SA-5.1","Do you have administrator documentation for this information system that describes:
1. Secure configuration, installation, and operation of the system, component, or service;
2. Effective use and maintenance of security functions/mechanisms; and
3. Known vulnerabilities regarding configuration and use of administrative (i.e., privileged) functions;","Partial","These topics are embedded in comprehensive installation guides. PeriGen works with its customer to address any security or effectiveness considerations which can be different from one customer to another.",""
"VSRM for: St. Luke's (SLUHN) / PeriGen (PeriWatch Surveillance - Unknown) 20221027","VSQ on prem for St. Luke's (SLUHN)-RA0001783-PeriGen -PeriWatch Surveillance","SA-5.2","Do you have user documentation for this information system that describes:
1. User-accessible security functions/mechanisms and how to effectively use those security functions/mechanisms;
2. Methods for user interaction, which enables individuals to use the system, component, or service in a more secure manner; and
3. User responsibilities in maintaining the security of the system, component, or service;","Yes","Product user-guides",""
"VSRM for: St. Luke's (SLUHN) / PeriGen (PeriWatch Surveillance - Unknown) 20221027","VSQ on prem for St. Luke's (SLUHN)-RA0001783-PeriGen -PeriWatch Surveillance","SA-5.4","Is the documentation protected as required and only distributed to authorized personnel?","No","",""
"VSRM for: St. Luke's (SLUHN) / PeriGen (PeriWatch Surveillance - Unknown) 20221027","VSQ on prem for St. Luke's (SLUHN)-RA0001783-PeriGen -PeriWatch Surveillance","SA-8.1","Does the organization apply information system security engineering principles in the specification, design, development, implementation, and modification of the information system.","Yes","",""
"VSRM for: St. Luke's (SLUHN) / PeriGen (PeriWatch Surveillance - Unknown) 20221027","VSQ on prem for St. Luke's (SLUHN)-RA0001783-PeriGen -PeriWatch Surveillance","SA-10.1","Does the organization require the developer of the information system, system component or information system service to perform configuration, document the changes and implement only organization-approved configuration changes?","Yes","All development activities follow ISO audited and FDA mandated SDLC, QMS (Quality Management System) procedures",""
"VSRM for: St. Luke's (SLUHN) / PeriGen (PeriWatch Surveillance - Unknown) 20221027","VSQ on prem for St. Luke's (SLUHN)-RA0001783-PeriGen -PeriWatch Surveillance","SA-11.1","Does the organization require the developer of the information system, system component, or information system service to create and implement a security assessment plan, perform tests/evaluations and produce evidence of the execution of the security assessment plan?","Partial","Security requirements are global and are tested individually. Processes are being reviewed in 2019 to embed more secure development practices to current development practices.",""
"VSRM for: St. Luke's (SLUHN) / PeriGen (PeriWatch Surveillance - Unknown) 20221027","VSQ on prem for St. Luke's (SLUHN)-RA0001783-PeriGen -PeriWatch Surveillance","SC-1.1","Do you have formally documented policies and procedures for System and Communications Protection? If yes, please attach.","No","There are no explicit policies for these tasks. Activities related to security are embeded in the difference internal product  installation guides",""
"VSRM for: St. Luke's (SLUHN) / PeriGen (PeriWatch Surveillance - Unknown) 20221027","VSQ on prem for St. Luke's (SLUHN)-RA0001783-PeriGen -PeriWatch Surveillance","SC-2.1","Does The information system separate user functionality (including user interface services) from information system management functionality?","Yes","Separation is done via user rights. Only users with Administrator rights are allowed to access the system admin fucntions.",""
"VSRM for: St. Luke's (SLUHN) / PeriGen (PeriWatch Surveillance - Unknown) 20221027","VSQ on prem for St. Luke's (SLUHN)-RA0001783-PeriGen -PeriWatch Surveillance","SC-8.1","Does the application/system protect the integrity of transmitted information? If yes, how is this achieved? ","No","Data integrity is achieved via several methods:
1. SQL data type integrity
2. Key information uniqueness checks (example, can have identical medical record numbers)
3. Data entry validation (when applicable, for example UI). Ex: only allow numeric entries when the field is numeric.
4. Enforce valid data types and format when performing data exchange to modules requiring strict data entry formats.
No evidence can be submitted as these are integrated to the application code.",""
"VSRM for: St. Luke's (SLUHN) / PeriGen (PeriWatch Surveillance - Unknown) 20221027","VSQ on prem for St. Luke's (SLUHN)-RA0001783-PeriGen -PeriWatch Surveillance","SC-8.2","Does the application/system employ cryptographic mechanisms to recognize changes to information during transmission (such as hashing algorithms)?","No","",""
"VSRM for: St. Luke's (SLUHN) / PeriGen (PeriWatch Surveillance - Unknown) 20221027","VSQ on prem for St. Luke's (SLUHN)-RA0001783-PeriGen -PeriWatch Surveillance","SC-10.1","Does the information system terminate network connection associated with a communication session at the end of the session or after no longer than 30 minutes of inactivity?","No","The system was designed to be a 24x7 monitoring system",""
"VSRM for: St. Luke's (SLUHN) / PeriGen (PeriWatch Surveillance - Unknown) 20221027","VSQ on prem for St. Luke's (SLUHN)-RA0001783-PeriGen -PeriWatch Surveillance","SC-13.1","Does the information system use cryptographic protections? If yes, detail the encryption algorithm and strength in the comment (AES, 3DES, etc.)","Yes","The system has an option to encrypt data in trasit using https web service communication encryption. The Encryption used is AES256.",""
"VSRM for: St. Luke's (SLUHN) / PeriGen (PeriWatch Surveillance - Unknown) 20221027","VSQ on prem for St. Luke's (SLUHN)-RA0001783-PeriGen -PeriWatch Surveillance","SC-15.1","Does the information system support the use of collaborative computing devices (e.g., networked white boards, cameras, microphones)?","No","",""
"VSRM for: St. Luke's (SLUHN) / PeriGen (PeriWatch Surveillance - Unknown) 20221027","VSQ on prem for St. Luke's (SLUHN)-RA0001783-PeriGen -PeriWatch Surveillance","SC-15.2","Is remote activation prohibited?","","",""
"VSRM for: St. Luke's (SLUHN) / PeriGen (PeriWatch Surveillance - Unknown) 20221027","VSQ on prem for St. Luke's (SLUHN)-RA0001783-PeriGen -PeriWatch Surveillance","SC-15.3","Does the device indicate to the user that it is actively in use? (E.g., activated microphone or camera has an illuminated indicator light.)","","",""
"VSRM for: St. Luke's (SLUHN) / PeriGen (PeriWatch Surveillance - Unknown) 20221027","VSQ on prem for St. Luke's (SLUHN)-RA0001783-PeriGen -PeriWatch Surveillance","SC-20.1","Does the information system provide additional data origin authentication and integrity verification artifacts along with the authoritative name resolution data the system returns in response to external name/address resolution queries?","Partial","System capture audit for the following:
- Failed logon attempts
- Successful logins are captured with the screen access logs
- Any documentation/entry with history and user id
- Significant computer system events, such as configuration updates and system crashes
- Security policy or profile changes
- Actions taken by computer operators, system administrators or system Security officers

hostname or MAC (configurable) addresses are captured with all audit entries.
",""
"VSRM for: St. Luke's (SLUHN) / PeriGen (PeriWatch Surveillance - Unknown) 20221027","VSQ on prem for St. Luke's (SLUHN)-RA0001783-PeriGen -PeriWatch Surveillance","SC-21.1","Does the information system request and perform data origin authentication and data integrity verification on the name/address resolution responses the system receives from authoritative sources?","No","System is assumed to be used inside the hospital network.",""
"VSRM for: St. Luke's (SLUHN) / PeriGen (PeriWatch Surveillance - Unknown) 20221027","VSQ on prem for St. Luke's (SLUHN)-RA0001783-PeriGen -PeriWatch Surveillance","SC-23.1","Does the information system protect the authenticity of communication sessions?","No","Comprehensive authentication of communication services is in progress for 2019 maintenance release",""
"VSRM for: St. Luke's (SLUHN) / PeriGen (PeriWatch Surveillance - Unknown) 20221027","VSQ on prem for St. Luke's (SLUHN)-RA0001783-PeriGen -PeriWatch Surveillance","SC-28.1","Does the organization support the capability to use cryptographic mechanisms to protect information at rest?","Yes","Only with SQL TDE. See statement in our official system requirements. 6-14.","LAB01124_r12 PeriWatch Surveillance - System Requirements.pdf"
"VSRM for: St. Luke's (SLUHN) / PeriGen (PeriWatch Surveillance - Unknown) 20221027","VSQ on prem for St. Luke's (SLUHN)-RA0001783-PeriGen -PeriWatch Surveillance","SI-1.1","Do you have formally documented policies and procedures for System and Information Integrity? If yes, please attach.","Yes","Embedded within these policies.","HIPAA-WI-005 - Workforce Security and Information Access rev 01.00.pdf; HIPAA-WI-006 - Technical and Infrastructure Security rev 01.01.pdf; HIPAA-WI-004 - Administration and Management rev 01.02.pdf; Administration and Management.pdf"
"VSRM for: St. Luke's (SLUHN) / PeriGen (PeriWatch Surveillance - Unknown) 20221027","VSQ on prem for St. Luke's (SLUHN)-RA0001783-PeriGen -PeriWatch Surveillance","SI-2.1","Are information system flaws identified, reported, and corrected? (I.e., are vulnerability scans performed and addressed?)","Yes","Using the Veracode vulnerability scanning platform with every release of the system.","SummaryReport_PeriWatch_Platform_3_Mar_2022.pdf"
"VSRM for: St. Luke's (SLUHN) / PeriGen (PeriWatch Surveillance - Unknown) 20221027","VSQ on prem for St. Luke's (SLUHN)-RA0001783-PeriGen -PeriWatch Surveillance","SI-2.2","Are software and firmware updates tested for effectiveness and potential side effects before installation?","Yes","",""
"VSRM for: St. Luke's (SLUHN) / PeriGen (PeriWatch Surveillance - Unknown) 20221027","VSQ on prem for St. Luke's (SLUHN)-RA0001783-PeriGen -PeriWatch Surveillance","SI-2.3","Is flaw remediation incorporated into the organizational configuration management process?","Yes","",""
